
INSERT INTO cop_role (ROLE_ID, ADMIN_ROLE, BANK_ROLE, MERCHANT_ROLE, ROLE_NAME, SUPER_ADMIN_ROLE, CREATED) VALUES ('0001', true, false, false, 'Administrator', true, now());
INSERT INTO cop_role (ROLE_ID, ADMIN_ROLE, BANK_ROLE, MERCHANT_ROLE, ROLE_NAME, SUPER_ADMIN_ROLE, CREATED) VALUES ('0002', false, false, false, 'Support Staff', false, now());
INSERT INTO cop_role (ROLE_ID, ADMIN_ROLE, BANK_ROLE, MERCHANT_ROLE, ROLE_NAME, SUPER_ADMIN_ROLE, CREATED) VALUES ('0003', false, false, false, 'Internal Audit Staff', false, now());
INSERT INTO cop_role (ROLE_ID, ADMIN_ROLE, BANK_ROLE, MERCHANT_ROLE, ROLE_NAME, SUPER_ADMIN_ROLE, CREATED) VALUES ('0004', true, true, false, 'Bank Administrator', false, now());
INSERT INTO cop_role (ROLE_ID, ADMIN_ROLE, BANK_ROLE, MERCHANT_ROLE, ROLE_NAME, SUPER_ADMIN_ROLE, CREATED) VALUES ('0005', false, true, false, 'Bank Control Unit', false, now());
INSERT INTO cop_role (ROLE_ID, ADMIN_ROLE, BANK_ROLE, MERCHANT_ROLE, ROLE_NAME, SUPER_ADMIN_ROLE, CREATED) VALUES ('0006', true, false, true, 'Corporate Administrator', false, now());
INSERT INTO cop_role (ROLE_ID, ADMIN_ROLE, BANK_ROLE, MERCHANT_ROLE, ROLE_NAME, SUPER_ADMIN_ROLE, CREATED) VALUES ('0007', false, false, true, 'Corporate Uploader', false, now());
INSERT INTO cop_role (ROLE_ID, ADMIN_ROLE, BANK_ROLE, MERCHANT_ROLE, ROLE_NAME, SUPER_ADMIN_ROLE, CREATED) VALUES ('0008', false, false, true, 'Corporate Authorizer', false, now());
INSERT INTO cop_role (ROLE_ID, ADMIN_ROLE, BANK_ROLE, MERCHANT_ROLE, ROLE_NAME, SUPER_ADMIN_ROLE, CREATED) VALUES ('0009', false, false, true, 'Corporate Final Authorizer', false, now());
INSERT INTO cop_role (ROLE_ID, ADMIN_ROLE, BANK_ROLE, MERCHANT_ROLE, ROLE_NAME, SUPER_ADMIN_ROLE, CREATED) VALUES ('0010', true, true, false, 'Bank Corporate Administrator', false, now());
INSERT INTO cop_role (ROLE_ID, ADMIN_ROLE, BANK_ROLE, MERCHANT_ROLE, ROLE_NAME, SUPER_ADMIN_ROLE, CREATED) VALUES ('0011', false, true, false, 'Bank Corporate Uploader', false, now());
INSERT INTO cop_role (ROLE_ID, ADMIN_ROLE, BANK_ROLE, MERCHANT_ROLE, ROLE_NAME, SUPER_ADMIN_ROLE, CREATED) VALUES ('0012', false, true, false, 'Bank Corporate Authorizer', false, now());
INSERT INTO cop_role (ROLE_ID, ADMIN_ROLE, BANK_ROLE, MERCHANT_ROLE, ROLE_NAME, SUPER_ADMIN_ROLE, CREATED) VALUES ('0013', false, true, false, 'Bank Corporate Final Authorizer', false, now());
INSERT INTO cop_role (ROLE_ID, ADMIN_ROLE, BANK_ROLE, MERCHANT_ROLE, ROLE_NAME, SUPER_ADMIN_ROLE, CREATED) VALUES ('0014', false, false, false, 'Personal', false, now());
INSERT INTO cop_role (ROLE_ID, ADMIN_ROLE, BANK_ROLE, MERCHANT_ROLE, ROLE_NAME, SUPER_ADMIN_ROLE, CREATED) VALUES ('0015', false, false, false, 'PFA', false, now());
INSERT INTO cop_role (ROLE_ID, ADMIN_ROLE, BANK_ROLE, MERCHANT_ROLE, ROLE_NAME, SUPER_ADMIN_ROLE, CREATED) VALUES ('0016', false, false, false, 'TAX', false, now());

INSERT INTO COP_SERVICE (ID, IS_DEFAULT,SERVICE_DESC) VALUES ('#core', true,'Core Service');
INSERT INTO COP_SERVICE (ID, IS_DEFAULT,SERVICE_DESC) VALUES ('#payr', false,'Payroll');


INSERT INTO cop_menu (ID, LABEL,POSITION,TOOL_TIP,CP_SERVICE_ID) VALUES ('01', 'Set Up',1,'category of functions to do setups','#core');
INSERT INTO cop_menu (ID, LABEL,POSITION,TOOL_TIP,CP_SERVICE_ID) VALUES ('02', 'Transactions',2,'category of functions to create or initiate transactions','#core');
INSERT INTO cop_menu (ID, LABEL,POSITION,TOOL_TIP,CP_SERVICE_ID) VALUES ('03', 'Payroll',3,'category of functions concerned with payroll','#payr');
INSERT INTO cop_menu (ID, LABEL,POSITION,TOOL_TIP,CP_SERVICE_ID) VALUES ('04', 'Reports',4,'category of functions concerned with reporting','#core');
INSERT INTO cop_menu (ID, LABEL,POSITION,TOOL_TIP,CP_SERVICE_ID) VALUES ('05', 'Payroll Report',5,'category of functions concerned with payroll report','#payr');

INSERT INTO cop_menuitem (ID, ACTIVE,HREF,LABEL,O_HREF,POSITION,TOOL_TIP,MENU_ID) VALUES ('001', true,'user.jsf','Users','user.jsf',1,'setup for users','01');
INSERT INTO cop_menuitem (ID, ACTIVE,HREF,LABEL,O_HREF,POSITION,TOOL_TIP,MENU_ID) VALUES ('002', true,'corporate.jsf','Corporates','corporate.jsf',2,'setup fr corporate','01');
INSERT INTO cop_menuitem (ID, ACTIVE,HREF,LABEL,O_HREF,POSITION,TOOL_TIP,MENU_ID) VALUES ('003', true,'acctdetails.jsf','Account Details','acctdetails.jsf',3,'account details setup','01');
INSERT INTO cop_menuitem (ID, ACTIVE,HREF,LABEL,O_HREF,POSITION,TOOL_TIP,MENU_ID) VALUES ('004', true,'holdingacct.jsf','Holding Accounts','holdingacct.jsf',4,'holding acccount setup','01');
INSERT INTO cop_menuitem (ID, ACTIVE,HREF,LABEL,O_HREF,POSITION,TOOL_TIP,MENU_ID) VALUES ('005', true,'bank.jsf','Banks','bank.jsf',5,'bank setup','01');
INSERT INTO cop_menuitem (ID, ACTIVE,HREF,LABEL,O_HREF,POSITION,TOOL_TIP,MENU_ID) VALUES ('006', true,'commision.jsf','Commission','commision.jsf',6,'commision setup','01');
INSERT INTO cop_menuitem (ID, ACTIVE,HREF,LABEL,O_HREF,POSITION,TOOL_TIP,MENU_ID) VALUES ('007', true,'approvalgroup.jsf','Approval Group','approvalgroup.jsf',7,'approval group setup','01');
INSERT INTO cop_menuitem (ID, ACTIVE,HREF,LABEL,O_HREF,POSITION,TOOL_TIP,MENU_ID) VALUES ('008', true,'approvalroute.jsf','Approval Route','approvalroute.jsf',8,'approval routesetup','01');
INSERT INTO cop_menuitem (ID, ACTIVE,HREF,LABEL,O_HREF,POSITION,TOOL_TIP,MENU_ID) VALUES ('009', true,'pfaoffice.jsf','PFA Office','pfaoffice.jsf',9,'pension fund administratr office setup','01');
INSERT INTO cop_menuitem (ID, ACTIVE,HREF,LABEL,O_HREF,POSITION,TOOL_TIP,MENU_ID) VALUES ('010', true,'taxoffice.jsf','TAX Office','taxoffice.jsf',10,'TAX office setup','01');
INSERT INTO cop_menuitem (ID, ACTIVE,HREF,LABEL,O_HREF,POSITION,TOOL_TIP,MENU_ID) VALUES ('011', true,'paymentMgt.jsf','Payment Management','paymentMgt.jsf',11,'managing payment','02');
INSERT INTO cop_menuitem (ID, ACTIVE,HREF,LABEL,O_HREF,POSITION,TOOL_TIP,MENU_ID) VALUES ('012', true,'paymentUpload.jsf','Manage Payment Upload','paymentUpload.jsf',12,'managing payment upload','02');
INSERT INTO cop_menuitem (ID, ACTIVE,HREF,LABEL,O_HREF,POSITION,TOOL_TIP,MENU_ID) VALUES ('013', true,'paymentSchedule.jsf','Manage Payment Scheduling','paymentSchedule.jsf',13,'managing payment scheduling','02');
INSERT INTO cop_menuitem (ID, ACTIVE,HREF,LABEL,O_HREF,POSITION,TOOL_TIP,MENU_ID) VALUES ('014', true,'singlePayment.jsf','Single Banaficiary Payment','singlePayment.jsf',14,'managing single beneficiary payment','02');
INSERT INTO cop_menuitem (ID, ACTIVE,HREF,LABEL,O_HREF,POSITION,TOOL_TIP,MENU_ID) VALUES ('015', true,'payrollPeriod.jsf','Payroll Period','payrollPeriod.jsf',15,'managing payroll period','03');
INSERT INTO cop_menuitem (ID, ACTIVE,HREF,LABEL,O_HREF,POSITION,TOOL_TIP,MENU_ID) VALUES ('016', true,'statdeduction.jsf','Statutory Deductions','statdeduction.jsf',16,'managing statutory deductions','03');
INSERT INTO cop_menuitem (ID, ACTIVE,HREF,LABEL,O_HREF,POSITION,TOOL_TIP,MENU_ID) VALUES ('017', true,'otherdeduction.jsf','Other Deductions','otherdeduction.jsf',17,'managing other deductions','03');
INSERT INTO cop_menuitem (ID, ACTIVE,HREF,LABEL,O_HREF,POSITION,TOOL_TIP,MENU_ID) VALUES ('018', true,'payrollworkers.jsf','Payroll Workers','payrollworkers.jsf',18,'managing payroll workers','03');
INSERT INTO cop_menuitem (ID, ACTIVE,HREF,LABEL,O_HREF,POSITION,TOOL_TIP,MENU_ID) VALUES ('019', true,'workersdeduction.jsf','Payroll Workers Deductions','workersdeduction.jsf',19,'managing payroll workers deductions','03');
INSERT INTO cop_menuitem (ID, ACTIVE,HREF,LABEL,O_HREF,POSITION,TOOL_TIP,MENU_ID) VALUES ('020', true,'paysliprpt.jsf','PaySlip','payslipreports.jsf',20,'pay slip','05');
INSERT INTO cop_menuitem (ID, ACTIVE,HREF,LABEL,O_HREF,POSITION,TOOL_TIP,MENU_ID) VALUES ('021', true,'payrollsummaryrpt.jsf','Payroll Summary Report','payrollsummary.jsf',21,'payroll summary','05');
INSERT INTO cop_menuitem (ID, ACTIVE,HREF,LABEL,O_HREF,POSITION,TOOL_TIP,MENU_ID) VALUES ('022', true,'payrolldetailrpt.jsf','Payroll Details Report','payrolldetailrpt.jsf',22,'payroll detail report','05');

INSERT INTO cop_roletable_menuitem (ROLE_ID, MENUITEM_ID) VALUES ('0001', '001');
INSERT INTO cop_roletable_menuitem (ROLE_ID, MENUITEM_ID) VALUES ('0001', '002');
INSERT INTO cop_roletable_menuitem (ROLE_ID, MENUITEM_ID) VALUES ('0001', '005');
INSERT INTO cop_roletable_menuitem (ROLE_ID, MENUITEM_ID) VALUES ('0001', '006');
INSERT INTO cop_roletable_menuitem (ROLE_ID, MENUITEM_ID) VALUES ('0001', '007');
INSERT INTO cop_roletable_menuitem (ROLE_ID, MENUITEM_ID) VALUES ('0001', '008');
INSERT INTO cop_roletable_menuitem (ROLE_ID, MENUITEM_ID) VALUES ('0003', '001');
INSERT INTO cop_roletable_menuitem (ROLE_ID, MENUITEM_ID) VALUES ('0003', '001');
INSERT INTO cop_roletable_menuitem (ROLE_ID, MENUITEM_ID) VALUES ('0003', '002');
INSERT INTO cop_roletable_menuitem (ROLE_ID, MENUITEM_ID) VALUES ('0003', '005');
INSERT INTO cop_roletable_menuitem (ROLE_ID, MENUITEM_ID) VALUES ('0003', '006');
INSERT INTO cop_roletable_menuitem (ROLE_ID, MENUITEM_ID) VALUES ('0003', '007');
INSERT INTO cop_roletable_menuitem (ROLE_ID, MENUITEM_ID) VALUES ('0003', '008');
INSERT INTO cop_roletable_menuitem (ROLE_ID, MENUITEM_ID) VALUES ('0004', '001');
INSERT INTO cop_roletable_menuitem (ROLE_ID, MENUITEM_ID) VALUES ('0004', '003');
INSERT INTO cop_roletable_menuitem (ROLE_ID, MENUITEM_ID) VALUES ('0004', '006');
INSERT INTO cop_roletable_menuitem (ROLE_ID, MENUITEM_ID) VALUES ('0004', '007');
INSERT INTO cop_roletable_menuitem (ROLE_ID, MENUITEM_ID) VALUES ('0004', '008');
INSERT INTO cop_roletable_menuitem (ROLE_ID, MENUITEM_ID) VALUES ('0005', '003');
INSERT INTO cop_roletable_menuitem (ROLE_ID, MENUITEM_ID) VALUES ('0005', '006');
INSERT INTO cop_roletable_menuitem (ROLE_ID, MENUITEM_ID) VALUES ('0005', '007');
INSERT INTO cop_roletable_menuitem (ROLE_ID, MENUITEM_ID) VALUES ('0005', '008');
INSERT INTO cop_roletable_menuitem (ROLE_ID, MENUITEM_ID) VALUES ('0006', '001');
INSERT INTO cop_roletable_menuitem (ROLE_ID, MENUITEM_ID) VALUES ('0006', '003');
INSERT INTO cop_roletable_menuitem (ROLE_ID, MENUITEM_ID) VALUES ('0006', '007');
INSERT INTO cop_roletable_menuitem (ROLE_ID, MENUITEM_ID) VALUES ('0006', '008');
INSERT INTO cop_roletable_menuitem (ROLE_ID, MENUITEM_ID) VALUES ('0006', '015');
INSERT INTO cop_roletable_menuitem (ROLE_ID, MENUITEM_ID) VALUES ('0006', '016');
INSERT INTO cop_roletable_menuitem (ROLE_ID, MENUITEM_ID) VALUES ('0006', '017');
INSERT INTO cop_roletable_menuitem (ROLE_ID, MENUITEM_ID) VALUES ('0006', '018');
INSERT INTO cop_roletable_menuitem (ROLE_ID, MENUITEM_ID) VALUES ('0006', '019');
INSERT INTO cop_roletable_menuitem (ROLE_ID, MENUITEM_ID) VALUES ('0006', '020');
INSERT INTO cop_roletable_menuitem (ROLE_ID, MENUITEM_ID) VALUES ('0006', '021');
INSERT INTO cop_roletable_menuitem (ROLE_ID, MENUITEM_ID) VALUES ('0006', '022');
INSERT INTO cop_roletable_menuitem (ROLE_ID, MENUITEM_ID) VALUES ('0007', '011');
INSERT INTO cop_roletable_menuitem (ROLE_ID, MENUITEM_ID) VALUES ('0007', '012');
INSERT INTO cop_roletable_menuitem (ROLE_ID, MENUITEM_ID) VALUES ('0007', '013');
INSERT INTO cop_roletable_menuitem (ROLE_ID, MENUITEM_ID) VALUES ('0007', '014');
INSERT INTO cop_roletable_menuitem (ROLE_ID, MENUITEM_ID) VALUES ('0007', '018');
INSERT INTO cop_roletable_menuitem (ROLE_ID, MENUITEM_ID) VALUES ('0007', '019');
INSERT INTO cop_roletable_menuitem (ROLE_ID, MENUITEM_ID) VALUES ('0007', '020');
INSERT INTO cop_roletable_menuitem (ROLE_ID, MENUITEM_ID) VALUES ('0008', '011');
INSERT INTO cop_roletable_menuitem (ROLE_ID, MENUITEM_ID) VALUES ('0008', '012');
INSERT INTO cop_roletable_menuitem (ROLE_ID, MENUITEM_ID) VALUES ('0008', '013');
INSERT INTO cop_roletable_menuitem (ROLE_ID, MENUITEM_ID) VALUES ('0008', '014');
INSERT INTO cop_roletable_menuitem (ROLE_ID, MENUITEM_ID) VALUES ('0009', '011');
INSERT INTO cop_roletable_menuitem (ROLE_ID, MENUITEM_ID) VALUES ('0009', '012');
INSERT INTO cop_roletable_menuitem (ROLE_ID, MENUITEM_ID) VALUES ('0009', '013');
INSERT INTO cop_roletable_menuitem (ROLE_ID, MENUITEM_ID) VALUES ('0009', '014');
INSERT INTO cop_roletable_menuitem (ROLE_ID, MENUITEM_ID) VALUES ('0010', '001');
INSERT INTO cop_roletable_menuitem (ROLE_ID, MENUITEM_ID) VALUES ('0010', '003');
INSERT INTO cop_roletable_menuitem (ROLE_ID, MENUITEM_ID) VALUES ('0010', '007');
INSERT INTO cop_roletable_menuitem (ROLE_ID, MENUITEM_ID) VALUES ('0010', '008');
INSERT INTO cop_roletable_menuitem (ROLE_ID, MENUITEM_ID) VALUES ('0010', '015');
INSERT INTO cop_roletable_menuitem (ROLE_ID, MENUITEM_ID) VALUES ('0010', '016');
INSERT INTO cop_roletable_menuitem (ROLE_ID, MENUITEM_ID) VALUES ('0010', '017');
INSERT INTO cop_roletable_menuitem (ROLE_ID, MENUITEM_ID) VALUES ('0010', '018');
INSERT INTO cop_roletable_menuitem (ROLE_ID, MENUITEM_ID) VALUES ('0010', '019');
INSERT INTO cop_roletable_menuitem (ROLE_ID, MENUITEM_ID) VALUES ('0010', '020');
INSERT INTO cop_roletable_menuitem (ROLE_ID, MENUITEM_ID) VALUES ('0010', '021');
INSERT INTO cop_roletable_menuitem (ROLE_ID, MENUITEM_ID) VALUES ('0010', '022');
INSERT INTO cop_roletable_menuitem (ROLE_ID, MENUITEM_ID) VALUES ('0011', '011');
INSERT INTO cop_roletable_menuitem (ROLE_ID, MENUITEM_ID) VALUES ('0011', '012');
INSERT INTO cop_roletable_menuitem (ROLE_ID, MENUITEM_ID) VALUES ('0011', '013');
INSERT INTO cop_roletable_menuitem (ROLE_ID, MENUITEM_ID) VALUES ('0011', '014');
INSERT INTO cop_roletable_menuitem (ROLE_ID, MENUITEM_ID) VALUES ('0011', '018');
INSERT INTO cop_roletable_menuitem (ROLE_ID, MENUITEM_ID) VALUES ('0011', '019');
INSERT INTO cop_roletable_menuitem (ROLE_ID, MENUITEM_ID) VALUES ('0011', '020');
INSERT INTO cop_roletable_menuitem (ROLE_ID, MENUITEM_ID) VALUES ('0012', '011');
INSERT INTO cop_roletable_menuitem (ROLE_ID, MENUITEM_ID) VALUES ('0012', '012');
INSERT INTO cop_roletable_menuitem (ROLE_ID, MENUITEM_ID) VALUES ('0012', '013');
INSERT INTO cop_roletable_menuitem (ROLE_ID, MENUITEM_ID) VALUES ('0012', '014');
INSERT INTO cop_roletable_menuitem (ROLE_ID, MENUITEM_ID) VALUES ('0013', '011');
INSERT INTO cop_roletable_menuitem (ROLE_ID, MENUITEM_ID) VALUES ('0013', '012');
INSERT INTO cop_roletable_menuitem (ROLE_ID, MENUITEM_ID) VALUES ('0013', '013');
INSERT INTO cop_roletable_menuitem (ROLE_ID, MENUITEM_ID) VALUES ('0013', '014');
INSERT INTO cop_roletable_menuitem (ROLE_ID, MENUITEM_ID) VALUES ('0014', '003');
INSERT INTO cop_roletable_menuitem (ROLE_ID, MENUITEM_ID) VALUES ('0014', '013');
INSERT INTO cop_roletable_menuitem (ROLE_ID, MENUITEM_ID) VALUES ('0015', '009');
INSERT INTO cop_roletable_menuitem (ROLE_ID, MENUITEM_ID) VALUES ('0016', '010');



INSERT INTO COP_APPROVAL_TYPE (ID, APPR_DESC,ACCESS_LEVEL) VALUES ('#USER', 'User','ARTA');
INSERT INTO COP_APPROVAL_TYPE (ID, APPR_DESC,ACCESS_LEVEL) VALUES ('#CARD', 'Card','BADA_CADA');
INSERT INTO COP_APPROVAL_TYPE (ID, APPR_DESC,ACCESS_LEVEL) VALUES ('#BANK', 'Bank','ADA');
INSERT INTO COP_APPROVAL_TYPE (ID, APPR_DESC,ACCESS_LEVEL) VALUES ('#ECOM', 'Commission','ADA');
INSERT INTO COP_APPROVAL_TYPE (ID, APPR_DESC,ACCESS_LEVEL) VALUES ('#BCOM', 'BankCommission','BADA');
INSERT INTO COP_APPROVAL_TYPE (ID, APPR_DESC,ACCESS_LEVEL) VALUES ('#APPG', 'ApprovalGroup','ARTA');
INSERT INTO COP_APPROVAL_TYPE (ID, APPR_DESC,ACCESS_LEVEL) VALUES ('#HOLDA', 'HoldingAccount','BADA_CADA');
INSERT INTO COP_APPROVAL_TYPE (ID, APPR_DESC,ACCESS_LEVEL) VALUES ('#TAXO', 'Tax','CADA');
INSERT INTO COP_APPROVAL_TYPE (ID, APPR_DESC,ACCESS_LEVEL) VALUES ('#PFAO', 'PFA','CADA');
INSERT INTO COP_APPROVAL_TYPE (ID, APPR_DESC,ACCESS_LEVEL) VALUES ('#PYMT', 'Payment','CADA');
INSERT INTO COP_APPROVAL_TYPE (ID, APPR_DESC,ACCESS_LEVEL) VALUES ('#PAYR', 'PayrollPeriod','CADA');
INSERT INTO COP_APPROVAL_TYPE (ID, APPR_DESC,ACCESS_LEVEL) VALUES ('#PRWK', 'Worker','CADA');
INSERT INTO COP_APPROVAL_TYPE (ID, APPR_DESC,ACCESS_LEVEL) VALUES ('#PRWKD', 'WorkersDeduction','CADA');

INSERT INTO COP_UPLOAD_TYPE (ID, APPR_DESC) VALUES ('#SAL', 'Salary');
INSERT INTO COP_UPLOAD_TYPE (ID, APPR_DESC) VALUES ('#CSAL', 'Complete Salary');
INSERT INTO COP_UPLOAD_TYPE (ID, APPR_DESC) VALUES ('#VEND', 'Vendor');
INSERT INTO COP_UPLOAD_TYPE (ID, APPR_DESC) VALUES ('#PEN', 'Pension');
INSERT INTO COP_UPLOAD_TYPE (ID, APPR_DESC) VALUES ('#TAX', 'Tax');
